Ebene;Objektart;Objektartcode;Anzahl
geb01_f;AX_Gebiet_Bundesland;75005;1
geb01_f;AX_Gebiet_Kreis;75007;14
geb01_f;AX_Gebiet_Verwaltungsgemeinschaft;75011;18
geb01_f;AX_KommunalesGebiet;75003;218
geb01_l;AX_Gebietsgrenze;75009;9944
geb01_n;AX_Bundesland;73002;1
geb01_n;AX_Gemeinde;73005;218
geb01_n;AX_KreisRegion;73004;14
geb01_n;AX_Verwaltungsgemeinschaft;73009;18
geb02_f;AX_Insel;74004;81
geb02_p;AX_Wohnplatz;74005;1641
geb03_f;AX_Denkmalschutzrecht;71009;228
geb03_f;AX_NaturUmweltOderBodenschutzrecht;71006;773
geb03_f;AX_Schutzzone;71012;7
geb03_f;AX_SonstigesRecht;71011;79
geb03_l;AX_Denkmalschutzrecht;71009;52
geb03_l;AX_NaturUmweltOderBodenschutzrecht;71006;91
geb03_p;AX_Denkmalschutzrecht;71009;409
geb03_p;AX_NaturUmweltOderBodenschutzrecht;71006;1232
gew01_f;AX_Fliessgewaesser;44001;1981
gew01_f;AX_Hafenbecken;44005;24
gew01_f;AX_StehendesGewaesser;44006;7528
gew01_l;AX_Gewaesserachse;44004;151044
gew02_f;AX_Gewaessermerkmal;55001;88
gew02_l;AX_Sickerstrecke;57004;1
gew02_p;AX_Gewaessermerkmal;55001;729
gew02_p;AX_Wasserspiegelhoehe;57001;288
gew03_l;AX_Gewaesserstationierungsachse;57003;6369
hdu01_b;;;61207
hdu01_f;;;1821
hdu01_l;;;59386
hho01_b;;;21010
hho01_l;;;648
hho01_p;;;20362
rel01_f;AX_FelsenFelsblockFelsnadel;61006;18
rel01_l;AX_DammWallDeich;61003;17534
rel01_l;AX_FelsenFelsblockFelsnadel;61006;766
rel01_p;AX_FelsenFelsblockFelsnadel;61006;271
rel01_p;AX_Hoehleneingang;61005;14
sie01_f;AX_Ortslage;52001;3386
sie02_f;AX_Bergbaubetrieb;41004;9
sie02_f;AX_FlaecheBesondererFunktionalerPraegung;41007;3908
sie02_f;AX_FlaecheGemischterNutzung;41006;53016
sie02_f;AX_Friedhof;41009;2482
sie02_f;AX_Halde;41003;117
sie02_f;AX_IndustrieUndGewerbeflaeche;41002;18648
sie02_f;AX_SportFreizeitUndErholungsflaeche;41008;12673
sie02_f;AX_TagebauGrubeSteinbruch;41005;825
sie02_f;AX_Wohnbauflaeche;41001;24432
sie03_f;AX_BauwerkOderAnlageFuerIndustrieUndGewerbe;51002;4082
sie03_f;AX_BauwerkOderAnlageFuerSportFreizeitUndErholung;51006;1744
sie03_f;AX_HistorischesBauwerkOderHistorischeEinrichtung;51007;236
sie03_f;AX_SonstigesBauwerkOderSonstigeEinrichtung;51009;27
sie03_f;AX_VorratsbehaelterSpeicherbauwerk;51003;2546
sie03_l;AX_BauwerkOderAnlageFuerSportFreizeitUndErholung;51006;185
sie03_l;AX_HistorischesBauwerkOderHistorischeEinrichtung;51007;580
sie03_l;AX_Leitung;51005;3233
sie03_l;AX_SonstigesBauwerkOderSonstigeEinrichtung;51009;2981
sie03_l;AX_Transportanlage;51004;100
sie03_p;AX_BauwerkOderAnlageFuerIndustrieUndGewerbe;51002;15895
sie03_p;AX_HistorischesBauwerkOderHistorischeEinrichtung;51007;409
sie03_p;AX_SonstigesBauwerkOderSonstigeEinrichtung;51009;6044
sie03_p;AX_Transportanlage;51004;376
sie03_p;AX_VorratsbehaelterSpeicherbauwerk;51003;1981
sie04_f;AX_Hafen;52002;48
sie04_f;AX_Schleuse;52003;66
sie05_f;AX_Bauteil;31002;24
sie05_f;AX_Gebaeude;31001;1737638
sie05_f;AX_Turm;51001;34
sie05_p;AX_Turm;51001;2847
veg01_f;AX_Landwirtschaft;43001;92859
veg02_f;AX_Wald;43002;116359
veg03_f;AX_Gehoelz;43003;29215
veg03_f;AX_Heide;43004;1760
veg03_f;AX_Moor;43005;28
veg03_f;AX_Sumpf;43006;944
veg03_f;AX_UnlandVegetationsloseFlaeche;43007;17559
veg04_f;AX_Vegetationsmerkmal;54001;11179
veg04_l;AX_Vegetationsmerkmal;54001;45790
veg04_p;AX_Vegetationsmerkmal;54001;2676
ver01_f;AX_Platz;42009;1988
ver01_f;AX_Strassenverkehr;42001;12922
ver01_l;AX_Fahrbahnachse;42005;4354
ver01_l;AX_Strassenachse;42003;196539
ver02_l;AX_Fahrwegachse;42008;217764
ver02_l;AX_WegPfadSteig;53003;46985
ver03_f;AX_Bahnverkehr;42010;2932
ver03_l;AX_Bahnstrecke;42014;7458
ver03_l;AX_Gleis;53006;2
ver03_l;AX_SeilbahnSchwebebahn;53005;6
ver04_f;AX_Flugverkehr;42015;71
ver05_f;AX_Schiffsverkehr;42016;92
ver05_l;AX_SchifffahrtslinieFaehrverkehr;57002;27
ver06_f;AX_Bahnverkehrsanlage;53004;279
ver06_f;AX_BauwerkImGewaesserbereich;53009;17
ver06_f;AX_BauwerkImVerkehrsbereich;53001;521
ver06_f;AX_EinrichtungenFuerDenSchiffsverkehr;53008;2
ver06_f;AX_Flugverkehrsanlage;53007;85
ver06_l;AX_BauwerkImGewaesserbereich;53009;47355
ver06_l;AX_BauwerkImVerkehrsbereich;53001;7006
ver06_l;AX_EinrichtungenFuerDenSchiffsverkehr;53008;84
ver06_l;AX_Flugverkehrsanlage;53007;9
ver06_l;AX_Strassenverkehrsanlage;53002;7
ver06_p;AX_Bahnverkehrsanlage;53004;852
ver06_p;AX_BauwerkImGewaesserbereich;53009;300
ver06_p;AX_BauwerkImVerkehrsbereich;53001;13
ver06_p;AX_EinrichtungenFuerDenSchiffsverkehr;53008;163
ver06_p;AX_Flugverkehrsanlage;53007;47
ver06_p;AX_Strassenverkehrsanlage;53002;348
